match_date,opponent,venue,goals_for,goals_against,season
2024-09-27,UAB,home,2,1,2024
2024-09-29,UTSA,away,1,0,2024
2024-10-04,Temple,home,4,0,2024
2024-10-13,North Texas,home,2,1,2024
2024-10-18,FAU,away,0,0,2024
2024-10-25,Memphis,away,1,4,2024
2024-10-27,Charlotte,home,0,1,2024
2024-11-01,ECU,away,1,2,2024
2024-11-04,UAB,home,2,0,2024
2024-11-08,Memphis,away,1,3,2024
2025-08-14,HCU,home,2,1,2025
2025-08-17,UTRGV,away,6,0,2025
2025-08-24,North Carolina,away,0,4,2025
2025-08-28,Oklahoma State,home,3,2,2025
2025-08-31,Louisiana,away,2,1,2025
2025-09-07,Lamar,away,2,0,2025
2025-09-11,UAB,away,3,3,2025
2025-09-18,FAU,home,2,1,2025
2025-09-21,Grambling,home,3,1,2025
2025-09-25,Temple,away,1,0,2025
2025-09-28,Memphis,home,0,2,2025
2025-10-02,UTSA,home,1,1,2025
2025-10-09,Charlotte,away,1,1,2025
2025-10-12,South Florida,home,3,1,2025
2025-10-19,North Texas,away,2,2,2025
2025-10-23,ECU,home,1,1,2025
2025-10-30,Tulsa,away,0,4,2025
2026-08-12,Texas A&M,home,1,2,2026
2026-08-15,Navy,away,3,0,2026
2026-08-20,HCU,away,1,1,2026
2026-08-23,Lamar,home,1,1,2026
2026-08-27,Vanderbilt,home,1,3,2026
2026-09-24,Temple,home,5,1,2026
2026-09-27,Tulsa,home,0,3,2026
